{
    "losses_distributed": [
        [
            1,
            1.6746401475745718
        ],
        [
            2,
            0.8666118785985993
        ],
        [
            3,
            0.8808348866876816
        ],
        [
            4,
            0.9247996034566973
        ],
        [
            5,
            1.3997198752161961
        ],
        [
            6,
            17.972538233061567
        ],
        [
            7,
            14.479836072820847
        ],
        [
            8,
            51.2574739700892
        ],
        [
            9,
            346318391.6220945
        ],
        [
            10,
            41.822166711104416
        ],
        [
            11,
            64.1986113366093
        ],
        [
            12,
            170.58872758222898
        ],
        [
            13,
            389.3789794408291
        ],
        [
            14,
            1035.5375302572265
        ],
        [
            15,
            3994.262098273446
        ]
    ],
    "metrics_distributed_fit": {
        "accuracy": [
            [
                1,
                40.52370917608642
            ],
            [
                2,
                66.58158847848081
            ],
            [
                3,
                70.21033104368705
            ],
            [
                4,
                72.92440986416732
            ],
            [
                5,
                71.98764317554811
            ],
            [
                6,
                54.133159829936666
            ],
            [
                7,
                34.037492197318976
            ],
            [
                8,
                23.195096059200825
            ],
            [
                9,
                16.949379846575912
            ],
            [
                10,
                16.081018671374498
            ],
            [
                11,
                15.804158906244764
            ],
            [
                12,
                15.966111188953619
            ],
            [
                13,
                15.563383448416154
            ],
            [
                14,
                16.100498068402423
            ],
            [
                15,
                16.414485185733128
            ]
        ],
        "loss": [
            [
                1,
                1.7803874534787285
            ],
            [
                2,
                0.9540037953885433
            ],
            [
                3,
                0.9267384262067507
            ],
            [
                4,
                0.9388890545154637
            ],
            [
                5,
                1.134212933601368
            ],
            [
                6,
                5.466297763606611
            ],
            [
                7,
                96.00060513250713
            ],
            [
                8,
                46.95938672791874
            ],
            [
                9,
                83599616045441.95
            ],
            [
                10,
                2.4052947362121204e+16
            ],
            [
                11,
                146.39904423873375
            ],
            [
                12,
                60.583569981965944
            ],
            [
                13,
                142.90907191790495
            ],
            [
                14,
                425.70315397263334
            ],
            [
                15,
                1517.715831807637
            ]
        ],
        "round": [
            [
                1,
                1
            ],
            [
                2,
                2
            ],
            [
                3,
                3
            ],
            [
                4,
                4
            ],
            [
                5,
                5
            ],
            [
                6,
                6
            ],
            [
                7,
                7
            ],
            [
                8,
                8
            ],
            [
                9,
                9
            ],
            [
                10,
                10
            ],
            [
                11,
                11
            ],
            [
                12,
                12
            ],
            [
                13,
                13
            ],
            [
                14,
                14
            ],
            [
                15,
                15
            ]
        ]
    },
    "metrics_distributed": {
        "accuracy": [
            [
                1,
                0.4291434147788877
            ],
            [
                2,
                0.6788009667615987
            ],
            [
                3,
                0.7048717187949163
            ],
            [
                4,
                0.7187730912491362
            ],
            [
                5,
                0.5429170914149436
            ],
            [
                6,
                0.30090547352137165
            ],
            [
                7,
                0.12693694696625107
            ],
            [
                8,
                0.09085997228046004
            ],
            [
                9,
                0.10118750331726423
            ],
            [
                10,
                0.09295600431731522
            ],
            [
                11,
                0.11186695865166309
            ],
            [
                12,
                0.11186695865166309
            ],
            [
                13,
                0.09780685466616434
            ],
            [
                14,
                0.09398385467834608
            ],
            [
                15,
                0.11186695865166309
            ]
        ],
        "round": [
            [
                1,
                1
            ],
            [
                2,
                2
            ],
            [
                3,
                3
            ],
            [
                4,
                4
            ],
            [
                5,
                5
            ],
            [
                6,
                6
            ],
            [
                7,
                7
            ],
            [
                8,
                8
            ],
            [
                9,
                9
            ],
            [
                10,
                10
            ],
            [
                11,
                11
            ],
            [
                12,
                12
            ],
            [
                13,
                13
            ],
            [
                14,
                14
            ],
            [
                15,
                15
            ]
        ]
    }
}