{
    "losses_distributed": [
        [
            1,
            2.2715060712893305
        ],
        [
            2,
            2.2153111120904274
        ],
        [
            3,
            2.1274272133427483
        ],
        [
            4,
            1.9986112341626152
        ],
        [
            5,
            1.8351867791663448
        ],
        [
            6,
            1.6514061914526759
        ],
        [
            7,
            1.4701256095831727
        ],
        [
            8,
            1.3114264977730126
        ],
        [
            9,
            1.1892325973337932
        ],
        [
            10,
            1.0874895468251184
        ],
        [
            11,
            1.0126539363837646
        ],
        [
            12,
            0.9604027616096756
        ],
        [
            13,
            0.9228648828196842
        ],
        [
            14,
            0.89457581390453
        ],
        [
            15,
            0.8742891128466626
        ]
    ],
    "metrics_distributed_fit": {
        "accuracy": [
            [
                1,
                0.23558595987712896
            ],
            [
                2,
                0.2614397850935657
            ],
            [
                3,
                0.31365903879752344
            ],
            [
                4,
                0.3946155456143557
            ],
            [
                5,
                0.49219297497633185
            ],
            [
                6,
                0.5543481974665538
            ],
            [
                7,
                0.5960857621787258
            ],
            [
                8,
                0.6253958945309405
            ],
            [
                9,
                0.6501940450115735
            ],
            [
                10,
                0.6674988739428516
            ],
            [
                11,
                0.6843932097980651
            ],
            [
                12,
                0.6972619984991021
            ],
            [
                13,
                0.7035830522786473
            ],
            [
                14,
                0.7152169332916528
            ],
            [
                15,
                0.7238759672562148
            ]
        ],
        "loss": [
            [
                1,
                2.193946498867744
            ],
            [
                2,
                2.109330493910208
            ],
            [
                3,
                2.008323224599082
            ],
            [
                4,
                1.8795515747116582
            ],
            [
                5,
                1.7240963104507026
            ],
            [
                6,
                1.5454660475880555
            ],
            [
                7,
                1.365589583013817
            ],
            [
                8,
                1.202059382465546
            ],
            [
                9,
                1.0700327900513609
            ],
            [
                10,
                0.9696116439200737
            ],
            [
                11,
                0.8923429893664744
            ],
            [
                12,
                0.838087090225912
            ],
            [
                13,
                0.7986241169669509
            ],
            [
                14,
                0.7713569447242948
            ],
            [
                15,
                0.7541220059893479
            ]
        ],
        "round": [
            [
                1,
                1
            ],
            [
                2,
                2
            ],
            [
                3,
                3
            ],
            [
                4,
                4
            ],
            [
                5,
                5
            ],
            [
                6,
                6
            ],
            [
                7,
                7
            ],
            [
                8,
                8
            ],
            [
                9,
                9
            ],
            [
                10,
                10
            ],
            [
                11,
                11
            ],
            [
                12,
                12
            ],
            [
                13,
                13
            ],
            [
                14,
                14
            ],
            [
                15,
                15
            ]
        ]
    },
    "metrics_distributed": {
        "accuracy": [
            [
                1,
                0.09901904293750931
            ],
            [
                2,
                0.16553499905739588
            ],
            [
                3,
                0.3451692796178225
            ],
            [
                4,
                0.4484790316637995
            ],
            [
                5,
                0.5028988810376978
            ],
            [
                6,
                0.5082618824294612
            ],
            [
                7,
                0.522955389185881
            ],
            [
                8,
                0.5311861871082033
            ],
            [
                9,
                0.5553785353997457
            ],
            [
                10,
                0.5745401073187985
            ],
            [
                11,
                0.608951427668352
            ],
            [
                12,
                0.6208923347921799
            ],
            [
                13,
                0.6430191525837157
            ],
            [
                14,
                0.6592686027604339
            ],
            [
                15,
                0.6708814408535639
            ]
        ],
        "round": [
            [
                1,
                1
            ],
            [
                2,
                2
            ],
            [
                3,
                3
            ],
            [
                4,
                4
            ],
            [
                5,
                5
            ],
            [
                6,
                6
            ],
            [
                7,
                7
            ],
            [
                8,
                8
            ],
            [
                9,
                9
            ],
            [
                10,
                10
            ],
            [
                11,
                11
            ],
            [
                12,
                12
            ],
            [
                13,
                13
            ],
            [
                14,
                14
            ],
            [
                15,
                15
            ]
        ]
    }
}